review,label
This is a great review 0,0
This is a great review 1,1
This is a great review 2,0
This is a great review 3,1
This is a great review 4,0
This is a great review 5,1
This is a great review 6,0
This is a great review 7,1
This is a great review 8,0
This is a great review 9,1
This is a great review 10,0
This is a great review 11,1
This is a great review 12,0
This is a great review 13,1
This is a great review 14,0
This is a great review 15,1
This is a great review 16,0
This is a great review 17,1
This is a great review 18,0
This is a great review 19,1
This is a great review 20,0
This is a great review 21,1
This is a great review 22,0
This is a great review 23,1
This is a great review 24,0
This is a great review 25,1
This is a great review 26,0
This is a great review 27,1
This is a great review 28,0
This is a great review 29,1
This is a great review 30,0
This is a great review 31,1
This is a great review 32,0
This is a great review 33,1
This is a great review 34,0
This is a great review 35,1
This is a great review 36,0
This is a great review 37,1
This is a great review 38,0
This is a great review 39,1
This is a great review 40,0
This is a great review 41,1
This is a great review 42,0
This is a great review 43,1
This is a great review 44,0
This is a great review 45,1
This is a great review 46,0
This is a great review 47,1
This is a great review 48,0
This is a great review 49,1
This is a great review 50,0
This is a great review 51,1
This is a great review 52,0
This is a great review 53,1
This is a great review 54,0
This is a great review 55,1
This is a great review 56,0
This is a great review 57,1
This is a great review 58,0
This is a great review 59,1
This is a great review 60,0
This is a great review 61,1
This is a great review 62,0
This is a great review 63,1
This is a great review 64,0
This is a great review 65,1
This is a great review 66,0
This is a great review 67,1
This is a great review 68,0
This is a great review 69,1
This is a great review 70,0
This is a great review 71,1
This is a great review 72,0
This is a great review 73,1
This is a great review 74,0
This is a great review 75,1
This is a great review 76,0
This is a great review 77,1
This is a great review 78,0
This is a great review 79,1
This is a great review 80,0
This is a great review 81,1
This is a great review 82,0
This is a great review 83,1
This is a great review 84,0
This is a great review 85,1
This is a great review 86,0
This is a great review 87,1
This is a great review 88,0
This is a great review 89,1
This is a great review 90,0
This is a great review 91,1
This is a great review 92,0
This is a great review 93,1
This is a great review 94,0
This is a great review 95,1
This is a great review 96,0
This is a great review 97,1
This is a great review 98,0
This is a great review 99,1
